timeStamp,elapsed,label,responseCode,responseMessage,threadName,dataType,success,failureMessage,bytes,sentBytes,grpThreads,allThreads,Latency,IdleTime,Connect
1525247624106,935,https://qa.starofservice.com/,200,OK,Thread Group 1-1,text,true,,25808,0,1,1,851,0,0
1525247625042,439,https://qa.starofservice.com/annubis/ile-de-france/paris/paris-01/spectacle-de-chant-acapella,200,OK,Thread Group 1-1,text,true,,23543,0,1,1,351,0,0
1525247625481,496,https://qa.starofservice.com/annubis/ile-de-france/paris/paris-01/spectacle-de-musique,200,OK,Thread Group 1-1,text,true,,36482,0,1,1,405,0,0
1525247625978,394,https://qa.starofservice.com/annubis/ile-de-france/paris/paris-01/spectacle-de-swing,200,OK,Thread Group 1-1,text,true,,25122,0,1,1,305,0,0
1525247626373,380,https://qa.starofservice.com/annubis/ile-de-france/paris/paris-01/spectacle-de-blues,200,OK,Thread Group 1-1,text,true,,22577,0,1,1,296,0,0
1525247626753,386,https://qa.starofservice.com/annubis/ile-de-france/paris/paris-01/spectacle-de-fanfare,200,OK,Thread Group 1-1,text,true,,25064,0,1,1,297,0,0
1525247627140,374,https://qa.starofservice.com/annubis/ile-de-france/paris/paris-01/spectacle-de-musique-chretienne,200,OK,Thread Group 1-1,text,true,,25809,0,1,1,289,0,0
1525247627515,380,https://qa.starofservice.com/annubis/ile-de-france/paris/paris-01/spectacle-de-country,200,OK,Thread Group 1-1,text,true,,22585,0,1,1,295,0,0
1525247627896,385,https://qa.starofservice.com/annubis/ile-de-france/paris/paris-01/dj,200,OK,Thread Group 1-1,text,true,,38805,0,1,1,297,0,0
1525247628281,404,https://qa.starofservice.com/annubis/ile-de-france/paris/paris-01/spectacle-de-hip-hop,200,OK,Thread Group 1-1,text,true,,22578,0,1,1,315,0,0
1525247628686,390,https://qa.starofservice.com/annubis/ile-de-france/paris/paris-01/spectacle-de-jazz,200,OK,Thread Group 1-1,text,true,,29573,0,1,1,301,0,0
1525247629077,405,https://qa.starofservice.com/annubis/ile-de-france/paris/paris-01/karaoke,200,OK,Thread Group 1-1,text,true,,22580,0,1,1,316,0,0
1525247629482,387,https://qa.starofservice.com/annubis/ile-de-france/paris/paris-01/spectacle-latino,200,OK,Thread Group 1-1,text,true,,22575,0,1,1,297,0,0
1525247629869,380,https://qa.starofservice.com/annubis/ile-de-france/paris/paris-01/spectacle-de-mariachis,200,OK,Thread Group 1-1,text,true,,22588,0,1,1,296,0,0
1525247630252,385,https://qa.starofservice.com/annubis/ile-de-france/paris/paris-01/spectacle-de-duo-musical,200,OK,Thread Group 1-1,text,true,,23470,0,1,1,299,0,0
1525247630637,380,https://qa.starofservice.com/annubis/ile-de-france/paris/paris-01/conseil-en-musique-de-fete,200,OK,Thread Group 1-1,text,true,,23407,0,1,1,295,0,0
1525247631018,383,https://qa.starofservice.com/annubis/ile-de-france/paris/paris-01/spectacle-de-pop,200,OK,Thread Group 1-1,text,true,,22570,0,1,1,299,0,0
1525247631402,385,https://qa.starofservice.com/annubis/ile-de-france/paris/paris-01/spectacle-de-quintette,200,OK,Thread Group 1-1,text,true,,22571,0,1,1,296,0,0
1525247631788,391,https://qa.starofservice.com/annubis/ile-de-france/paris/paris-01/spectacle-de-r-b,200,OK,Thread Group 1-1,text,true,,22573,0,1,1,302,0,0
1525247632180,382,https://qa.starofservice.com/annubis/ile-de-france/paris/paris-01/spectacle-de-reggae,200,OK,Thread Group 1-1,text,true,,22588,0,1,1,297,0,0
1525247632563,383,https://qa.starofservice.com/annubis/ile-de-france/paris/paris-01/spectacle-de-rock,200,OK,Thread Group 1-1,text,true,,22577,0,1,1,294,0,0
1525247632948,395,https://qa.starofservice.com/annubis/ile-de-france/paris/paris-01/spectacle-de-chant-solo,200,OK,Thread Group 1-1,text,true,,26706,0,1,1,305,0,0
1525247633343,378,https://qa.starofservice.com/annubis/ile-de-france/paris/paris-01/spectacle-de-quatuor-a-cordes,200,OK,Thread Group 1-1,text,true,,22619,0,1,1,294,0,0
1525247633722,393,https://qa.starofservice.com/annubis/ile-de-france/paris/paris-01/spectacle-de-musique-de-mariage,200,OK,Thread Group 1-1,text,true,,35800,0,1,1,302,0,0
1525247634116,384,https://qa.starofservice.com/annubis/ile-de-france/paris/paris-01/bartending,200,OK,Thread Group 1-1,text,true,,32692,0,1,1,297,0,0
1525247634500,386,https://qa.starofservice.com/annubis/ile-de-france/paris/paris-01/service-de-buffet-de-bonbons,200,OK,Thread Group 1-1,text,true,,25473,0,1,1,300,0,0
1525247634886,378,https://qa.starofservice.com/annubis/ile-de-france/paris/paris-01/gateau-de-mariage-personnalise,200,OK,Thread Group 1-1,text,true,,28358,0,1,1,293,0,0
1525247635265,384,https://qa.starofservice.com/annubis/ile-de-france/paris/paris-01/service-de-patisserie,200,OK,Thread Group 1-1,text,true,,30695,0,1,1,290,0,0
1525247635650,397,https://qa.starofservice.com/annubis/ile-de-france/paris/paris-01/service-de-sommellerie,200,OK,Thread Group 1-1,text,true,,26341,0,1,1,308,0,0
1525247636047,399,https://qa.starofservice.com/annubis/ile-de-france/paris/paris-01/service-d-un-chef-personnel,200,OK,Thread Group 1-1,text,true,,28276,0,2,2,309,0,0
1525247636104,486,https://qa.starofservice.com/,200,OK,Thread Group 1-2,text,true,,25808,0,2,2,394,0,0
1525247636590,416,https://qa.starofservice.com/annubis/ile-de-france/paris/paris-01/spectacle-de-chant-acapella,200,OK,Thread Group 1-2,text,true,,23543,0,2,2,328,0,0
1525247636446,842,https://qa.starofservice.com/annubis/ile-de-france/paris/paris-01/spectacle-d-animaux,200,OK,Thread Group 1-1,text,true,,22858,0,2,2,841,0,0
1525247637007,376,https://qa.starofservice.com/annubis/ile-de-france/paris/paris-01/spectacle-de-musique,200,OK,Thread Group 1-2,text,true,,36482,0,2,2,289,0,0
1525247637383,381,https://qa.starofservice.com/annubis/ile-de-france/paris/paris-01/spectacle-de-swing,200,OK,Thread Group 1-2,text,true,,25122,0,2,2,295,0,0
1525247637289,867,https://qa.starofservice.com/annubis/ile-de-france/paris/paris-01/danse-du-ventre,200,OK,Thread Group 1-1,text,true,,22815,0,2,2,783,0,0
1525247637765,420,https://qa.starofservice.com/annubis/ile-de-france/paris/paris-01/spectacle-de-blues,200,OK,Thread Group 1-2,text,true,,22577,0,2,2,332,0,0
1525247638186,420,https://qa.starofservice.com/annubis/ile-de-france/paris/paris-01/spectacle-de-fanfare,200,OK,Thread Group 1-2,text,true,,25064,0,2,2,330,0,0
1525247638607,396,https://qa.starofservice.com/annubis/ile-de-france/paris/paris-01/spectacle-de-musique-chretienne,200,OK,Thread Group 1-2,text,true,,25809,0,2,2,305,0,0
1525247639004,438,https://qa.starofservice.com/annubis/ile-de-france/paris/paris-01/spectacle-de-country,200,OK,Thread Group 1-2,text,true,,22585,0,2,2,347,0,0
1525247638156,1369,https://qa.starofservice.com/annubis/ile-de-france/paris/paris-01/body-painting,200,OK,Thread Group 1-1,text,true,,23462,0,2,2,1284,0,0
1525247639442,410,https://qa.starofservice.com/annubis/ile-de-france/paris/paris-01/dj,200,OK,Thread Group 1-2,text,true,,38805,0,2,2,319,0,0
1525247639853,391,https://qa.starofservice.com/annubis/ile-de-france/paris/paris-01/spectacle-de-hip-hop,200,OK,Thread Group 1-2,text,true,,22578,0,2,2,306,0,0
1525247639526,779,https://qa.starofservice.com/annubis/ile-de-france/paris/paris-01/soufflage-de-bulles,200,OK,Thread Group 1-1,text,true,,22478,0,2,2,690,0,0
1525247640246,387,https://qa.starofservice.com/annubis/ile-de-france/paris/paris-01/spectacle-de-jazz,200,OK,Thread Group 1-2,text,true,,29573,0,2,2,301,0,0
1525247640634,401,https://qa.starofservice.com/annubis/ile-de-france/paris/paris-01/karaoke,200,OK,Thread Group 1-2,text,true,,22580,0,2,2,311,0,0
1525247640306,1097,https://qa.starofservice.com/annubis/ile-de-france/paris/paris-01/caricature,200,OK,Thread Group 1-1,text,true,,23093,0,2,2,1011,0,0
1525247641035,402,https://qa.starofservice.com/annubis/ile-de-france/paris/paris-01/spectacle-latino,200,OK,Thread Group 1-2,text,true,,22575,0,2,2,400,0,0
1525247641438,378,https://qa.starofservice.com/annubis/ile-de-france/paris/paris-01/spectacle-de-mariachis,200,OK,Thread Group 1-2,text,true,,22588,0,2,2,377,0,0
1525247641817,401,https://qa.starofservice.com/annubis/ile-de-france/paris/paris-01/spectacle-de-duo-musical,200,OK,Thread Group 1-2,text,true,,23470,0,2,2,316,0,0
1525247642219,393,https://qa.starofservice.com/annubis/ile-de-france/paris/paris-01/conseil-en-musique-de-fete,200,OK,Thread Group 1-2,text,true,,23407,0,2,2,303,0,0
1525247641404,1212,https://qa.starofservice.com/annubis/ile-de-france/paris/paris-01/spectacle-de-cirque,200,OK,Thread Group 1-1,text,true,,25675,0,2,2,1123,0,0
1525247642612,380,https://qa.starofservice.com/annubis/ile-de-france/paris/paris-01/spectacle-de-pop,200,OK,Thread Group 1-2,text,true,,22570,0,2,2,379,0,0
1525247642993,416,https://qa.starofservice.com/annubis/ile-de-france/paris/paris-01/spectacle-de-quintette,200,OK,Thread Group 1-2,text,true,,22571,0,2,2,415,0,0
1525247643409,379,https://qa.starofservice.com/annubis/ile-de-france/paris/paris-01/spectacle-de-r-b,200,OK,Thread Group 1-2,text,true,,22573,0,2,2,295,0,0
1525247642617,1204,https://qa.starofservice.com/annubis/ile-de-france/paris/paris-01/spectacle-de-clown,200,OK,Thread Group 1-1,text,true,,25657,0,2,2,1118,0,0
1525247643789,404,https://qa.starofservice.com/annubis/ile-de-france/paris/paris-01/spectacle-de-reggae,200,OK,Thread Group 1-2,text,true,,22588,0,2,2,402,0,0
1525247644193,376,https://qa.starofservice.com/annubis/ile-de-france/paris/paris-01/spectacle-de-rock,200,OK,Thread Group 1-2,text,true,,22577,0,2,2,291,0,0
1525247644570,431,https://qa.starofservice.com/annubis/ile-de-france/paris/paris-01/spectacle-de-chant-solo,200,OK,Thread Group 1-2,text,true,,26706,0,2,2,345,0,0
1525247643821,1211,https://qa.starofservice.com/annubis/ile-de-france/paris/paris-01/spectacle-de-comedie,200,OK,Thread Group 1-1,text,true,,25424,0,2,2,1126,0,0
1525247645002,377,https://qa.starofservice.com/annubis/ile-de-france/paris/paris-01/spectacle-de-quatuor-a-cordes,200,OK,Thread Group 1-2,text,true,,22619,0,2,2,292,0,0
1525247645379,394,https://qa.starofservice.com/annubis/ile-de-france/paris/paris-01/spectacle-de-musique-de-mariage,200,OK,Thread Group 1-2,text,true,,35800,0,2,2,392,0,0
1525247645033,890,https://qa.starofservice.com/annubis/ile-de-france/paris/paris-01/spectacle-de-personnages-costumes,200,OK,Thread Group 1-1,text,true,,23216,0,2,2,805,0,0
1525247645774,383,https://qa.starofservice.com/annubis/ile-de-france/paris/paris-01/bartending,200,OK,Thread Group 1-2,text,true,,32692,0,2,2,296,0,0
1525247646157,382,https://qa.starofservice.com/annubis/ile-de-france/paris/paris-01/service-de-buffet-de-bonbons,200,OK,Thread Group 1-2,text,true,,25473,0,2,2,297,0,0
1525247646540,380,https://qa.starofservice.com/annubis/ile-de-france/paris/paris-01/gateau-de-mariage-personnalise,200,OK,Thread Group 1-2,text,true,,28358,0,2,2,294,0,0
1525247646920,392,https://qa.starofservice.com/annubis/ile-de-france/paris/paris-01/service-de-patisserie,200,OK,Thread Group 1-2,text,true,,30695,0,2,2,307,0,0
1525247645923,1742,https://qa.starofservice.com/annubis/ile-de-france/paris/paris-01/spectacle-de-danse,200,OK,Thread Group 1-1,text,true,,30541,0,2,2,1740,0,0
1525247647313,392,https://qa.starofservice.com/annubis/ile-de-france/paris/paris-01/service-de-sommellerie,200,OK,Thread Group 1-2,text,true,,26341,0,2,2,303,0,0
1525247647706,401,https://qa.starofservice.com/annubis/ile-de-france/paris/paris-01/service-d-un-chef-personnel,200,OK,Thread Group 1-2,text,true,,28276,0,3,3,314,0,0
1525247647666,808,https://qa.starofservice.com/annubis/ile-de-france/paris/paris-01/lacher-de-colombes,200,OK,Thread Group 1-1,text,true,,22518,0,3,3,723,0,0
1525247648107,391,https://qa.starofservice.com/annubis/ile-de-france/paris/paris-01/spectacle-d-animaux,200,OK,Thread Group 1-2,text,true,,22858,0,3,3,302,0,0
1525247648104,502,https://qa.starofservice.com/,200,OK,Thread Group 1-3,text,true,,25808,0,3,3,412,0,0
1525247648499,381,https://qa.starofservice.com/annubis/ile-de-france/paris/paris-01/danse-du-ventre,200,OK,Thread Group 1-2,text,true,,22815,0,3,3,293,0,0
1525247648607,381,https://qa.starofservice.com/annubis/ile-de-france/paris/paris-01/spectacle-de-chant-acapella,200,OK,Thread Group 1-3,text,true,,23543,0,3,3,292,0,0
1525247648881,408,https://qa.starofservice.com/annubis/ile-de-france/paris/paris-01/body-painting,200,OK,Thread Group 1-2,text,true,,23462,0,3,3,319,0,0
1525247648989,456,https://qa.starofservice.com/annubis/ile-de-france/paris/paris-01/spectacle-de-musique,200,OK,Thread Group 1-3,text,true,,36482,0,3,3,366,0,0
1525247649289,369,https://qa.starofservice.com/annubis/ile-de-france/paris/paris-01/soufflage-de-bulles,200,OK,Thread Group 1-2,text,true,,22478,0,3,3,284,0,0
1525247649446,401,https://qa.starofservice.com/annubis/ile-de-france/paris/paris-01/spectacle-de-swing,200,OK,Thread Group 1-3,text,true,,25122,0,3,3,306,0,0
1525247648475,1503,https://qa.starofservice.com/annubis/ile-de-france/paris/paris-01/spectacle,200,OK,Thread Group 1-1,text,true,,31108,0,3,3,1501,0,0
1525247649659,372,https://qa.starofservice.com/annubis/ile-de-france/paris/paris-01/caricature,200,OK,Thread Group 1-2,text,true,,23093,0,3,3,288,0,0
1525247649848,391,https://qa.starofservice.com/annubis/ile-de-france/paris/paris-01/spectacle-de-blues,200,OK,Thread Group 1-3,text,true,,22577,0,3,3,303,0,0
1525247650032,414,https://qa.starofservice.com/annubis/ile-de-france/paris/paris-01/spectacle-de-cirque,200,OK,Thread Group 1-2,text,true,,25675,0,3,3,413,0,0
1525247650239,384,https://qa.starofservice.com/annubis/ile-de-france/paris/paris-01/spectacle-de-fanfare,200,OK,Thread Group 1-3,text,true,,25064,0,3,3,295,0,0
1525247650447,414,https://qa.starofservice.com/annubis/ile-de-france/paris/paris-01/spectacle-de-clown,200,OK,Thread Group 1-2,text,true,,25657,0,3,3,413,0,0
1525247650624,369,https://qa.starofservice.com/annubis/ile-de-france/paris/paris-01/spectacle-de-musique-chretienne,200,OK,Thread Group 1-3,text,true,,25809,0,3,3,284,0,0
1525247649979,1169,https://qa.starofservice.com/annubis/ile-de-france/paris/paris-01/spectacle-de-feu-d-artifice,200,OK,Thread Group 1-1,text,true,,23929,0,3,3,1080,0,0
1525247650862,386,https://qa.starofservice.com/annubis/ile-de-france/paris/paris-01/spectacle-de-comedie,200,OK,Thread Group 1-2,text,true,,25424,0,3,3,297,0,0
1525247650994,389,https://qa.starofservice.com/annubis/ile-de-france/paris/paris-01/spectacle-de-country,200,OK,Thread Group 1-3,text,true,,22585,0,3,3,300,0,0
1525247651249,456,https://qa.starofservice.com/annubis/ile-de-france/paris/paris-01/spectacle-de-personnages-costumes,200,OK,Thread Group 1-2,text,true,,23216,0,3,3,371,0,0
1525247651383,384,https://qa.starofservice.com/annubis/ile-de-france/paris/paris-01/dj,200,OK,Thread Group 1-3,text,true,,38805,0,3,3,298,0,0
1525247651705,394,https://qa.starofservice.com/annubis/ile-de-france/paris/paris-01/spectacle-de-danse,200,OK,Thread Group 1-2,text,true,,30541,0,3,3,305,0,0
1525247651148,993,https://qa.starofservice.com/annubis/ile-de-france/paris/paris-01/spectacle-de-free-run-et-parkour,200,OK,Thread Group 1-1,text,true,,22926,0,3,3,908,0,0
1525247651768,397,https://qa.starofservice.com/annubis/ile-de-france/paris/paris-01/spectacle-de-hip-hop,200,OK,Thread Group 1-3,text,true,,22578,0,3,3,308,0,0
1525247652100,368,https://qa.starofservice.com/annubis/ile-de-france/paris/paris-01/lacher-de-colombes,200,OK,Thread Group 1-2,text,true,,22518,0,3,3,283,0,0
1525247652165,396,https://qa.starofservice.com/annubis/ile-de-france/paris/paris-01/spectacle-de-jazz,200,OK,Thread Group 1-3,text,true,,29573,0,3,3,307,0,0
1525247652469,397,https://qa.starofservice.com/annubis/ile-de-france/paris/paris-01/spectacle,200,OK,Thread Group 1-2,text,true,,31108,0,3,3,311,0,0
1525247652562,376,https://qa.starofservice.com/annubis/ile-de-france/paris/paris-01/karaoke,200,OK,Thread Group 1-3,text,true,,22580,0,3,3,292,0,0
1525247652867,393,https://qa.starofservice.com/annubis/ile-de-france/paris/paris-01/spectacle-de-feu-d-artifice,200,OK,Thread Group 1-2,text,true,,23929,0,3,3,307,0,0
1525247652939,446,https://qa.starofservice.com/annubis/ile-de-france/paris/paris-01/spectacle-latino,200,OK,Thread Group 1-3,text,true,,22575,0,3,3,357,0,0
1525247653260,398,https://qa.starofservice.com/annubis/ile-de-france/paris/paris-01/spectacle-de-free-run-et-parkour,200,OK,Thread Group 1-2,text,true,,22926,0,3,3,308,0,0
1525247653386,381,https://qa.starofservice.com/annubis/ile-de-france/paris/paris-01/spectacle-de-mariachis,200,OK,Thread Group 1-3,text,true,,22588,0,3,3,296,0,0
1525247652141,1994,https://qa.starofservice.com/annubis/ile-de-france/paris/paris-01/tatouage-au-henne,200,OK,Thread Group 1-1,text,true,,29696,0,3,3,1904,0,0
1525247653767,386,https://qa.starofservice.com/annubis/ile-de-france/paris/paris-01/spectacle-de-duo-musical,200,OK,Thread Group 1-3,text,true,,23470,0,3,3,301,0,0
1525247654153,376,https://qa.starofservice.com/annubis/ile-de-france/paris/paris-01/conseil-en-musique-de-fete,200,OK,Thread Group 1-3,text,true,,23407,0,3,3,290,0,0
1525247653658,1051,https://qa.starofservice.com/annubis/ile-de-france/paris/paris-01/tatouage-au-henne,200,OK,Thread Group 1-2,text,true,,29696,0,3,3,961,0,0
1525247654529,399,https://qa.starofservice.com/annubis/ile-de-france/paris/paris-01/spectacle-de-pop,200,OK,Thread Group 1-3,text,true,,22570,0,3,3,314,0,0
1525247654929,399,https://qa.starofservice.com/annubis/ile-de-france/paris/paris-01/spectacle-de-quintette,200,OK,Thread Group 1-3,text,true,,22571,0,3,3,313,0,0
1525247654135,1413,https://qa.starofservice.com/annubis/ile-de-france/paris/paris-01/spectacle-de-show-laser,200,OK,Thread Group 1-1,text,true,,25778,0,3,3,1328,0,0
1525247654710,935,https://qa.starofservice.com/annubis/ile-de-france/paris/paris-01/spectacle-de-show-laser,200,OK,Thread Group 1-2,text,true,,25778,0,3,3,850,0,0
1525247655328,370,https://qa.starofservice.com/annubis/ile-de-france/paris/paris-01/spectacle-de-r-b,200,OK,Thread Group 1-3,text,true,,22573,0,3,3,284,0,0
1525247655698,517,https://qa.starofservice.com/annubis/ile-de-france/paris/paris-01/spectacle-de-reggae,200,OK,Thread Group 1-3,text,true,,22588,0,3,3,432,0,0
1525247656215,384,https://qa.starofservice.com/annubis/ile-de-france/paris/paris-01/spectacle-de-rock,200,OK,Thread Group 1-3,text,true,,22577,0,3,3,294,0,0
1525247656599,431,https://qa.starofservice.com/annubis/ile-de-france/paris/paris-01/spectacle-de-chant-solo,200,OK,Thread Group 1-3,text,true,,26706,0,3,3,342,0,0
1525247655645,1458,https://qa.starofservice.com/annubis/ile-de-france/paris/paris-01/magicien,200,OK,Thread Group 1-2,text,true,,27558,0,3,3,1372,0,0
1525247655549,1612,https://qa.starofservice.com/annubis/ile-de-france/paris/paris-01/magicien,200,OK,Thread Group 1-1,text,true,,27565,0,3,3,1522,0,0
1525247657031,382,https://qa.starofservice.com/annubis/ile-de-france/paris/paris-01/spectacle-de-quatuor-a-cordes,200,OK,Thread Group 1-3,text,true,,22619,0,3,3,297,0,0
1525247657414,408,https://qa.starofservice.com/annubis/ile-de-france/paris/paris-01/spectacle-de-musique-de-mariage,200,OK,Thread Group 1-3,text,true,,35800,0,3,3,318,0,0
1525247657823,435,https://qa.starofservice.com/annubis/ile-de-france/paris/paris-01/bartending,200,OK,Thread Group 1-3,text,true,,32692,0,3,3,348,0,0
1525247658258,368,https://qa.starofservice.com/annubis/ile-de-france/paris/paris-01/service-de-buffet-de-bonbons,200,OK,Thread Group 1-3,text,true,,25473,0,3,3,283,0,0
1525247658627,413,https://qa.starofservice.com/annubis/ile-de-france/paris/paris-01/gateau-de-mariage-personnalise,200,OK,Thread Group 1-3,text,true,,28358,0,3,3,324,0,0
1525247659041,415,https://qa.starofservice.com/annubis/ile-de-france/paris/paris-01/service-de-patisserie,200,OK,Thread Group 1-3,text,true,,30695,0,3,3,330,0,0
1525247659457,433,https://qa.starofservice.com/annubis/ile-de-france/paris/paris-01/service-de-sommellerie,200,OK,Thread Group 1-3,text,true,,26341,0,3,3,344,0,0
1525247659891,413,https://qa.starofservice.com/annubis/ile-de-france/paris/paris-01/service-d-un-chef-personnel,200,OK,Thread Group 1-3,text,true,,28276,0,4,4,324,0,0
1525247660103,486,https://qa.starofservice.com/,200,OK,Thread Group 1-4,text,true,,25808,0,4,4,401,0,0
1525247660305,413,https://qa.starofservice.com/annubis/ile-de-france/paris/paris-01/spectacle-d-animaux,200,OK,Thread Group 1-3,text,true,,22858,0,4,4,328,0,0
1525247660590,403,https://qa.starofservice.com/annubis/ile-de-france/paris/paris-01/spectacle-de-chant-acapella,200,OK,Thread Group 1-4,text,true,,23543,0,4,4,314,0,0
1525247660719,426,https://qa.starofservice.com/annubis/ile-de-france/paris/paris-01/danse-du-ventre,200,OK,Thread Group 1-3,text,true,,22815,0,4,4,342,0,0
1525247660994,382,https://qa.starofservice.com/annubis/ile-de-france/paris/paris-01/spectacle-de-musique,200,OK,Thread Group 1-4,text,true,,36482,0,4,4,294,0,0
1525247657161,4408,https://qa.starofservice.com/annubis/ile-de-france/paris/paris-01/animation-et-reception,200,OK,Thread Group 1-1,text,true,,30800,0,4,4,4322,0,0
1525247661146,440,https://qa.starofservice.com/annubis/ile-de-france/paris/paris-01/body-painting,200,OK,Thread Group 1-3,text,true,,23462,0,4,4,351,0,0
1525247657103,4512,https://qa.starofservice.com/annubis/ile-de-france/paris/paris-01/animation-et-reception,200,OK,Thread Group 1-2,text,true,,30794,0,4,4,4422,0,0
1525247661376,399,https://qa.starofservice.com/annubis/ile-de-france/paris/paris-01/spectacle-de-swing,200,OK,Thread Group 1-4,text,true,,25122,0,4,4,310,0,0
1525247661586,383,https://qa.starofservice.com/annubis/ile-de-france/paris/paris-01/soufflage-de-bulles,200,OK,Thread Group 1-3,text,true,,22478,0,4,4,295,0,0
1525247661776,372,https://qa.starofservice.com/annubis/ile-de-france/paris/paris-01/spectacle-de-blues,200,OK,Thread Group 1-4,text,true,,22577,0,4,4,286,0,0
1525247661970,394,https://qa.starofservice.com/annubis/ile-de-france/paris/paris-01/caricature,200,OK,Thread Group 1-3,text,true,,23093,0,4,4,304,0,0
1525247662149,436,https://qa.starofservice.com/annubis/ile-de-france/paris/paris-01/spectacle-de-fanfare,200,OK,Thread Group 1-4,text,true,,25064,0,4,4,347,0,0
1525247662364,371,https://qa.starofservice.com/annubis/ile-de-france/paris/paris-01/spectacle-de-cirque,200,OK,Thread Group 1-3,text,true,,25675,0,4,4,286,0,0
1525247662585,478,https://qa.starofservice.com/annubis/ile-de-france/paris/paris-01/spectacle-de-musique-chretienne,200,OK,Thread Group 1-4,text,true,,25809,0,4,4,476,0,0
1525247662736,368,https://qa.starofservice.com/annubis/ile-de-france/paris/paris-01/spectacle-de-clown,200,OK,Thread Group 1-3,text,true,,25657,0,4,4,283,0,0
1525247661616,1549,https://qa.starofservice.com/annubis/ile-de-france/paris/paris-01/location-de-taureau-mecanique,200,OK,Thread Group 1-2,text,true,,23379,0,4,4,1464,0,0
1525247661570,1634,https://qa.starofservice.com/annubis/ile-de-france/paris/paris-01/location-de-taureau-mecanique,200,OK,Thread Group 1-1,text,true,,23379,0,4,4,1548,0,0
1525247663063,394,https://qa.starofservice.com/annubis/ile-de-france/paris/paris-01/spectacle-de-country,200,OK,Thread Group 1-4,text,true,,22585,0,4,4,305,0,0
1525247663104,376,https://qa.starofservice.com/annubis/ile-de-france/paris/paris-01/spectacle-de-comedie,200,OK,Thread Group 1-3,text,true,,25424,0,4,4,291,0,0
1525247663481,436,https://qa.starofservice.com/annubis/ile-de-france/paris/paris-01/spectacle-de-personnages-costumes,200,OK,Thread Group 1-3,text,true,,23216,0,4,4,348,0,0
1525247663457,478,https://qa.starofservice.com/annubis/ile-de-france/paris/paris-01/dj,200,OK,Thread Group 1-4,text,true,,38805,0,4,4,386,0,0
1525247663165,1095,https://qa.starofservice.com/annubis/ile-de-france/paris/paris-01/mime,200,OK,Thread Group 1-2,text,true,,23449,0,4,4,1011,0,0
1525247663935,435,https://qa.starofservice.com/annubis/ile-de-france/paris/paris-01/spectacle-de-hip-hop,200,OK,Thread Group 1-4,text,true,,22578,0,3,3,350,0,0
1525247663918,484,https://qa.starofservice.com/annubis/ile-de-france/paris/paris-01/spectacle-de-danse,200,OK,Thread Group 1-3,text,true,,30541,0,3,3,394,0,0
1525247663204,1206,https://qa.starofservice.com/annubis/ile-de-france/paris/paris-01/mime,200,OK,Thread Group 1-1,text,true,,23449,0,3,3,1120,0,0
1525247664370,407,https://qa.starofservice.com/annubis/ile-de-france/paris/paris-01/spectacle-de-jazz,200,OK,Thread Group 1-4,text,true,,29573,0,2,2,319,0,0
1525247664402,392,https://qa.starofservice.com/annubis/ile-de-france/paris/paris-01/lacher-de-colombes,200,OK,Thread Group 1-3,text,true,,22518,0,2,2,302,0,0
1525247664778,379,https://qa.starofservice.com/annubis/ile-de-france/paris/paris-01/karaoke,200,OK,Thread Group 1-4,text,true,,22580,0,2,2,295,0,0
1525247664795,378,https://qa.starofservice.com/annubis/ile-de-france/paris/paris-01/spectacle,200,OK,Thread Group 1-3,text,true,,31108,0,2,2,292,0,0
1525247665158,377,https://qa.starofservice.com/annubis/ile-de-france/paris/paris-01/spectacle-latino,200,OK,Thread Group 1-4,text,true,,22575,0,2,2,292,0,0
1525247665173,370,https://qa.starofservice.com/annubis/ile-de-france/paris/paris-01/spectacle-de-feu-d-artifice,200,OK,Thread Group 1-3,text,true,,23929,0,2,2,288,0,0
1525247665536,376,https://qa.starofservice.com/annubis/ile-de-france/paris/paris-01/spectacle-de-mariachis,200,OK,Thread Group 1-4,text,true,,22588,0,2,2,291,0,0
1525247665543,384,https://qa.starofservice.com/annubis/ile-de-france/paris/paris-01/spectacle-de-free-run-et-parkour,200,OK,Thread Group 1-3,text,true,,22926,0,2,2,294,0,0
1525247665912,424,https://qa.starofservice.com/annubis/ile-de-france/paris/paris-01/spectacle-de-duo-musical,200,OK,Thread Group 1-4,text,true,,23470,0,2,2,335,0,0
1525247665927,419,https://qa.starofservice.com/annubis/ile-de-france/paris/paris-01/tatouage-au-henne,200,OK,Thread Group 1-3,text,true,,29696,0,2,2,332,0,0
1525247666337,369,https://qa.starofservice.com/annubis/ile-de-france/paris/paris-01/conseil-en-musique-de-fete,200,OK,Thread Group 1-4,text,true,,23407,0,2,2,284,0,0
1525247666346,383,https://qa.starofservice.com/annubis/ile-de-france/paris/paris-01/spectacle-de-show-laser,200,OK,Thread Group 1-3,text,true,,25778,0,2,2,298,0,0
1525247666707,368,https://qa.starofservice.com/annubis/ile-de-france/paris/paris-01/spectacle-de-pop,200,OK,Thread Group 1-4,text,true,,22570,0,2,2,282,0,0
1525247666729,384,https://qa.starofservice.com/annubis/ile-de-france/paris/paris-01/magicien,200,OK,Thread Group 1-3,text,true,,27565,0,2,2,299,0,0
1525247667075,373,https://qa.starofservice.com/annubis/ile-de-france/paris/paris-01/spectacle-de-quintette,200,OK,Thread Group 1-4,text,true,,22571,0,2,2,289,0,0
1525247667114,387,https://qa.starofservice.com/annubis/ile-de-france/paris/paris-01/animation-et-reception,200,OK,Thread Group 1-3,text,true,,30794,0,2,2,297,0,0
1525247667448,389,https://qa.starofservice.com/annubis/ile-de-france/paris/paris-01/spectacle-de-r-b,200,OK,Thread Group 1-4,text,true,,22573,0,2,2,304,0,0
1525247667501,371,https://qa.starofservice.com/annubis/ile-de-france/paris/paris-01/location-de-taureau-mecanique,200,OK,Thread Group 1-3,text,true,,23379,0,2,2,287,0,0
1525247667837,372,https://qa.starofservice.com/annubis/ile-de-france/paris/paris-01/spectacle-de-reggae,200,OK,Thread Group 1-4,text,true,,22588,0,2,2,287,0,0
1525247667873,376,https://qa.starofservice.com/annubis/ile-de-france/paris/paris-01/mime,200,OK,Thread Group 1-3,text,true,,23449,0,2,2,291,0,0
1525247668209,384,https://qa.starofservice.com/annubis/ile-de-france/paris/paris-01/spectacle-de-rock,200,OK,Thread Group 1-4,text,true,,22577,0,1,1,295,0,0
1525247668593,377,https://qa.starofservice.com/annubis/ile-de-france/paris/paris-01/spectacle-de-chant-solo,200,OK,Thread Group 1-4,text,true,,26706,0,1,1,292,0,0
1525247668970,377,https://qa.starofservice.com/annubis/ile-de-france/paris/paris-01/spectacle-de-quatuor-a-cordes,200,OK,Thread Group 1-4,text,true,,22619,0,1,1,292,0,0
1525247669347,393,https://qa.starofservice.com/annubis/ile-de-france/paris/paris-01/spectacle-de-musique-de-mariage,200,OK,Thread Group 1-4,text,true,,35800,0,1,1,303,0,0
1525247669741,392,https://qa.starofservice.com/annubis/ile-de-france/paris/paris-01/bartending,200,OK,Thread Group 1-4,text,true,,32692,0,1,1,295,0,0
1525247670135,410,https://qa.starofservice.com/annubis/ile-de-france/paris/paris-01/service-de-buffet-de-bonbons,200,OK,Thread Group 1-4,text,true,,25473,0,1,1,321,0,0
1525247670546,389,https://qa.starofservice.com/annubis/ile-de-france/paris/paris-01/gateau-de-mariage-personnalise,200,OK,Thread Group 1-4,text,true,,28358,0,1,1,298,0,0
1525247670935,410,https://qa.starofservice.com/annubis/ile-de-france/paris/paris-01/service-de-patisserie,200,OK,Thread Group 1-4,text,true,,30695,0,1,1,319,0,0
1525247671345,388,https://qa.starofservice.com/annubis/ile-de-france/paris/paris-01/service-de-sommellerie,200,OK,Thread Group 1-4,text,true,,26341,0,1,1,297,0,0
1525247671734,368,https://qa.starofservice.com/annubis/ile-de-france/paris/paris-01/service-d-un-chef-personnel,200,OK,Thread Group 1-4,text,true,,28276,0,1,1,283,0,0
1525247672103,412,https://qa.starofservice.com/annubis/ile-de-france/paris/paris-01/spectacle-d-animaux,200,OK,Thread Group 1-4,text,true,,22858,0,2,2,320,0,0
1525247672104,477,https://qa.starofservice.com/,200,OK,Thread Group 1-5,text,true,,25808,0,2,2,389,0,0
1525247672516,391,https://qa.starofservice.com/annubis/ile-de-france/paris/paris-01/danse-du-ventre,200,OK,Thread Group 1-4,text,true,,22815,0,2,2,303,0,0
1525247672582,371,https://qa.starofservice.com/annubis/ile-de-france/paris/paris-01/spectacle-de-chant-acapella,200,OK,Thread Group 1-5,text,true,,23543,0,2,2,285,0,0
1525247672908,399,https://qa.starofservice.com/annubis/ile-de-france/paris/paris-01/body-painting,200,OK,Thread Group 1-4,text,true,,23462,0,2,2,314,0,0
1525247672953,382,https://qa.starofservice.com/annubis/ile-de-france/paris/paris-01/spectacle-de-musique,200,OK,Thread Group 1-5,text,true,,36482,0,2,2,295,0,0
1525247673308,388,https://qa.starofservice.com/annubis/ile-de-france/paris/paris-01/soufflage-de-bulles,200,OK,Thread Group 1-4,text,true,,22478,0,2,2,304,0,0
1525247673336,366,https://qa.starofservice.com/annubis/ile-de-france/paris/paris-01/spectacle-de-swing,200,OK,Thread Group 1-5,text,true,,25122,0,2,2,281,0,0
1525247673702,415,https://qa.starofservice.com/annubis/ile-de-france/paris/paris-01/spectacle-de-blues,200,OK,Thread Group 1-5,text,true,,22577,0,2,2,331,0,0
1525247673696,430,https://qa.starofservice.com/annubis/ile-de-france/paris/paris-01/caricature,200,OK,Thread Group 1-4,text,true,,23093,0,2,2,341,0,0
1525247674126,388,https://qa.starofservice.com/annubis/ile-de-france/paris/paris-01/spectacle-de-cirque,200,OK,Thread Group 1-4,text,true,,25675,0,2,2,302,0,0
1525247674118,412,https://qa.starofservice.com/annubis/ile-de-france/paris/paris-01/spectacle-de-fanfare,200,OK,Thread Group 1-5,text,true,,25064,0,2,2,327,0,0
1525247674531,406,https://qa.starofservice.com/annubis/ile-de-france/paris/paris-01/spectacle-de-musique-chretienne,200,OK,Thread Group 1-5,text,true,,25809,0,2,2,317,0,0
1525247674514,424,https://qa.starofservice.com/annubis/ile-de-france/paris/paris-01/spectacle-de-clown,200,OK,Thread Group 1-4,text,true,,25657,0,2,2,340,0,0
1525247674938,406,https://qa.starofservice.com/annubis/ile-de-france/paris/paris-01/spectacle-de-country,200,OK,Thread Group 1-5,text,true,,22585,0,2,2,320,0,0
1525247674939,415,https://qa.starofservice.com/annubis/ile-de-france/paris/paris-01/spectacle-de-comedie,200,OK,Thread Group 1-4,text,true,,25424,0,2,2,325,0,0
1525247675355,397,https://qa.starofservice.com/annubis/ile-de-france/paris/paris-01/spectacle-de-personnages-costumes,200,OK,Thread Group 1-4,text,true,,23216,0,2,2,313,0,0
1525247675344,445,https://qa.starofservice.com/annubis/ile-de-france/paris/paris-01/dj,200,OK,Thread Group 1-5,text,true,,38805,0,2,2,353,0,0
1525247675789,380,https://qa.starofservice.com/annubis/ile-de-france/paris/paris-01/spectacle-de-hip-hop,200,OK,Thread Group 1-5,text,true,,22578,0,2,2,298,0,0
1525247675753,419,https://qa.starofservice.com/annubis/ile-de-france/paris/paris-01/spectacle-de-danse,200,OK,Thread Group 1-4,text,true,,30541,0,2,2,329,0,0
1525247676172,382,https://qa.starofservice.com/annubis/ile-de-france/paris/paris-01/lacher-de-colombes,200,OK,Thread Group 1-4,text,true,,22518,0,2,2,294,0,0
1525247676169,407,https://qa.starofservice.com/annubis/ile-de-france/paris/paris-01/spectacle-de-jazz,200,OK,Thread Group 1-5,text,true,,29573,0,2,2,317,0,0
1525247676555,382,https://qa.starofservice.com/annubis/ile-de-france/paris/paris-01/spectacle,200,OK,Thread Group 1-4,text,true,,31108,0,2,2,296,0,0
1525247676577,373,https://qa.starofservice.com/annubis/ile-de-france/paris/paris-01/karaoke,200,OK,Thread Group 1-5,text,true,,22580,0,2,2,287,0,0
1525247676937,402,https://qa.starofservice.com/annubis/ile-de-france/paris/paris-01/spectacle-de-feu-d-artifice,200,OK,Thread Group 1-4,text,true,,23929,0,2,2,311,0,0
1525247676951,397,https://qa.starofservice.com/annubis/ile-de-france/paris/paris-01/spectacle-latino,200,OK,Thread Group 1-5,text,true,,22575,0,2,2,307,0,0
1525247677340,376,https://qa.starofservice.com/annubis/ile-de-france/paris/paris-01/spectacle-de-free-run-et-parkour,200,OK,Thread Group 1-4,text,true,,22926,0,2,2,292,0,0
1525247677348,377,https://qa.starofservice.com/annubis/ile-de-france/paris/paris-01/spectacle-de-mariachis,200,OK,Thread Group 1-5,text,true,,22588,0,2,2,291,0,0
1525247677725,403,https://qa.starofservice.com/annubis/ile-de-france/paris/paris-01/spectacle-de-duo-musical,200,OK,Thread Group 1-5,text,true,,23470,0,2,2,314,0,0
1525247677717,431,https://qa.starofservice.com/annubis/ile-de-france/paris/paris-01/tatouage-au-henne,200,OK,Thread Group 1-4,text,true,,29696,0,2,2,341,0,0
1525247678128,377,https://qa.starofservice.com/annubis/ile-de-france/paris/paris-01/conseil-en-musique-de-fete,200,OK,Thread Group 1-5,text,true,,23407,0,2,2,291,0,0
1525247678148,383,https://qa.starofservice.com/annubis/ile-de-france/paris/paris-01/spectacle-de-show-laser,200,OK,Thread Group 1-4,text,true,,25778,0,2,2,304,0,0
1525247678505,367,https://qa.starofservice.com/annubis/ile-de-france/paris/paris-01/spectacle-de-pop,200,OK,Thread Group 1-5,text,true,,22570,0,2,2,283,0,0
1525247678531,373,https://qa.starofservice.com/annubis/ile-de-france/paris/paris-01/magicien,200,OK,Thread Group 1-4,text,true,,27565,0,2,2,289,0,0
1525247678872,381,https://qa.starofservice.com/annubis/ile-de-france/paris/paris-01/spectacle-de-quintette,200,OK,Thread Group 1-5,text,true,,22571,0,2,2,294,0,0
1525247678904,399,https://qa.starofservice.com/annubis/ile-de-france/paris/paris-01/animation-et-reception,200,OK,Thread Group 1-4,text,true,,30794,0,2,2,310,0,0
1525247679252,377,https://qa.starofservice.com/annubis/ile-de-france/paris/paris-01/spectacle-de-r-b,200,OK,Thread Group 1-5,text,true,,22573,0,2,2,292,0,0
1525247679303,375,https://qa.starofservice.com/annubis/ile-de-france/paris/paris-01/location-de-taureau-mecanique,200,OK,Thread Group 1-4,text,true,,23379,0,2,2,291,0,0
1525247679629,375,https://qa.starofservice.com/annubis/ile-de-france/paris/paris-01/spectacle-de-reggae,200,OK,Thread Group 1-5,text,true,,22588,0,2,2,290,0,0
1525247679679,365,https://qa.starofservice.com/annubis/ile-de-france/paris/paris-01/mime,200,OK,Thread Group 1-4,text,true,,23449,0,2,2,280,0,0
1525247680004,377,https://qa.starofservice.com/annubis/ile-de-france/paris/paris-01/spectacle-de-rock,200,OK,Thread Group 1-5,text,true,,22577,0,1,1,293,0,0
1525247680382,386,https://qa.starofservice.com/annubis/ile-de-france/paris/paris-01/spectacle-de-chant-solo,200,OK,Thread Group 1-5,text,true,,26706,0,1,1,297,0,0
1525247680769,387,https://qa.starofservice.com/annubis/ile-de-france/paris/paris-01/spectacle-de-quatuor-a-cordes,200,OK,Thread Group 1-5,text,true,,22619,0,1,1,300,0,0
1525247681157,383,https://qa.starofservice.com/annubis/ile-de-france/paris/paris-01/spectacle-de-musique-de-mariage,200,OK,Thread Group 1-5,text,true,,35800,0,1,1,297,0,0
1525247681541,394,https://qa.starofservice.com/annubis/ile-de-france/paris/paris-01/bartending,200,OK,Thread Group 1-5,text,true,,32692,0,1,1,307,0,0
1525247681935,367,https://qa.starofservice.com/annubis/ile-de-france/paris/paris-01/service-de-buffet-de-bonbons,200,OK,Thread Group 1-5,text,true,,25473,0,1,1,282,0,0
1525247682302,396,https://qa.starofservice.com/annubis/ile-de-france/paris/paris-01/gateau-de-mariage-personnalise,200,OK,Thread Group 1-5,text,true,,28358,0,1,1,310,0,0
1525247682698,399,https://qa.starofservice.com/annubis/ile-de-france/paris/paris-01/service-de-patisserie,200,OK,Thread Group 1-5,text,true,,30695,0,1,1,310,0,0
1525247683098,374,https://qa.starofservice.com/annubis/ile-de-france/paris/paris-01/service-de-sommellerie,200,OK,Thread Group 1-5,text,true,,26341,0,1,1,289,0,0
1525247683473,391,https://qa.starofservice.com/annubis/ile-de-france/paris/paris-01/service-d-un-chef-personnel,200,OK,Thread Group 1-5,text,true,,28276,0,1,1,302,0,0
1525247683864,390,https://qa.starofservice.com/annubis/ile-de-france/paris/paris-01/spectacle-d-animaux,200,OK,Thread Group 1-5,text,true,,22858,0,1,1,306,0,0
1525247684255,383,https://qa.starofservice.com/annubis/ile-de-france/paris/paris-01/danse-du-ventre,200,OK,Thread Group 1-5,text,true,,22815,0,1,1,294,0,0
1525247684638,400,https://qa.starofservice.com/annubis/ile-de-france/paris/paris-01/body-painting,200,OK,Thread Group 1-5,text,true,,23462,0,1,1,310,0,0
1525247685038,414,https://qa.starofservice.com/annubis/ile-de-france/paris/paris-01/soufflage-de-bulles,200,OK,Thread Group 1-5,text,true,,22478,0,1,1,413,0,0
1525247685452,370,https://qa.starofservice.com/annubis/ile-de-france/paris/paris-01/caricature,200,OK,Thread Group 1-5,text,true,,23093,0,1,1,284,0,0
1525247685822,385,https://qa.starofservice.com/annubis/ile-de-france/paris/paris-01/spectacle-de-cirque,200,OK,Thread Group 1-5,text,true,,25675,0,1,1,291,0,0
1525247686208,389,https://qa.starofservice.com/annubis/ile-de-france/paris/paris-01/spectacle-de-clown,200,OK,Thread Group 1-5,text,true,,25657,0,1,1,301,0,0
1525247686598,396,https://qa.starofservice.com/annubis/ile-de-france/paris/paris-01/spectacle-de-comedie,200,OK,Thread Group 1-5,text,true,,25424,0,1,1,307,0,0
1525247686995,373,https://qa.starofservice.com/annubis/ile-de-france/paris/paris-01/spectacle-de-personnages-costumes,200,OK,Thread Group 1-5,text,true,,23216,0,1,1,290,0,0
1525247687369,376,https://qa.starofservice.com/annubis/ile-de-france/paris/paris-01/spectacle-de-danse,200,OK,Thread Group 1-5,text,true,,30541,0,1,1,288,0,0
1525247687745,400,https://qa.starofservice.com/annubis/ile-de-france/paris/paris-01/lacher-de-colombes,200,OK,Thread Group 1-5,text,true,,22518,0,1,1,312,0,0
1525247688145,388,https://qa.starofservice.com/annubis/ile-de-france/paris/paris-01/spectacle,200,OK,Thread Group 1-5,text,true,,31108,0,1,1,302,0,0
1525247688533,372,https://qa.starofservice.com/annubis/ile-de-france/paris/paris-01/spectacle-de-feu-d-artifice,200,OK,Thread Group 1-5,text,true,,23929,0,1,1,286,0,0
1525247688905,390,https://qa.starofservice.com/annubis/ile-de-france/paris/paris-01/spectacle-de-free-run-et-parkour,200,OK,Thread Group 1-5,text,true,,22926,0,1,1,303,0,0
1525247689296,378,https://qa.starofservice.com/annubis/ile-de-france/paris/paris-01/tatouage-au-henne,200,OK,Thread Group 1-5,text,true,,29696,0,1,1,292,0,0
1525247689674,399,https://qa.starofservice.com/annubis/ile-de-france/paris/paris-01/spectacle-de-show-laser,200,OK,Thread Group 1-5,text,true,,25778,0,1,1,311,0,0
1525247690074,391,https://qa.starofservice.com/annubis/ile-de-france/paris/paris-01/magicien,200,OK,Thread Group 1-5,text,true,,27565,0,1,1,302,0,0
1525247690465,394,https://qa.starofservice.com/annubis/ile-de-france/paris/paris-01/animation-et-reception,200,OK,Thread Group 1-5,text,true,,30794,0,1,1,306,0,0
1525247690860,374,https://qa.starofservice.com/annubis/ile-de-france/paris/paris-01/location-de-taureau-mecanique,200,OK,Thread Group 1-5,text,true,,23379,0,1,1,289,0,0
1525247691235,410,https://qa.starofservice.com/annubis/ile-de-france/paris/paris-01/mime,200,OK,Thread Group 1-5,text,true,,23449,0,1,1,321,0,0
